"row ID","sub","http://purl.org/dc/terms/created+First(obj)","http://purl.org/dc/terms/creator+First(obj)","http://purl.org/dc/terms/title+First(obj)","http://www.openannotation.org/ns/hasBody+First(obj)","http://www.openannotation.org/ns/hasTarget+First(obj)","http://www.w3.org/1999/02/22-rdf-syntax-ns#type+First(obj)"
"Row0","http://data.perseus.org/annotations/occur/places:pleiades/urn:cts:greekLit:tlg0526.tlg001.perseus-eng1#1","2013-10-16","Perseus Digital Library","Flavius Josephus, Antiquities of the Jews 1.130","http://pleiades.stoa.org/places/707462#this","http://data.perseus.org/citations/urn:cts:greekLit:tlg0526.tlg001.perseus-eng1:1.130","http://www.openannotation.org/ns/Annotation"
"Row1","http://data.perseus.org/annotations/occur/places:pleiades/urn:cts:greekLit:tlg0526.tlg001.perseus-eng1#10","2013-10-16","Perseus Digital Library","Flavius Josephus, Antiquities of the Jews 2.176","http://pleiades.stoa.org/places/275696#this","http://data.perseus.org/citations/urn:cts:greekLit:tlg0526.tlg001.perseus-eng1:2.176","http://www.openannotation.org/ns/Annotation"
"Row2","http://data.perseus.org/annotations/occur/places:pleiades/urn:cts:greekLit:tlg0526.tlg001.perseus-eng1#11","2013-10-16","Perseus Digital Library","Flavius Josephus, Antiquities of the Jews 2.176","http://pleiades.stoa.org/places/866051#this","http://data.perseus.org/citations/urn:cts:greekLit:tlg0526.tlg001.perseus-eng1:2.176","http://www.openannotation.org/ns/Annotation"
"Row3","http://data.perseus.org/annotations/occur/places:pleiades/urn:cts:greekLit:tlg0526.tlg001.perseus-eng1#12","2013-10-16","Perseus Digital Library","Flavius Josephus, Antiquities of the Jews 2.176","http://pleiades.stoa.org/places/614824#this","http://data.perseus.org/citations/urn:cts:greekLit:tlg0526.tlg001.perseus-eng1:2.176","http://www.openannotation.org/ns/Annotation"
"Row4","http://data.perseus.org/annotations/occur/places:pleiades/urn:cts:greekLit:tlg0526.tlg001.perseus-eng1#13","2013-10-16","Perseus Digital Library","Flavius Josephus, Antiquities of the Jews 1.122","http://pleiades.stoa.org/places/648789#this","http://data.perseus.org/citations/urn:cts:greekLit:tlg0526.tlg001.perseus-eng1:1.122","http://www.openannotation.org/ns/Annotation"
"Row5","http://data.perseus.org/annotations/occur/places:pleiades/urn:cts:greekLit:tlg0526.tlg001.perseus-eng1#14","2013-10-16","Perseus Digital Library","Flavius Josephus, Antiquities of the Jews 1.130","http://pleiades.stoa.org/places/687902#this","http://data.perseus.org/citations/urn:cts:greekLit:tlg0526.tlg001.perseus-eng1:1.130","http://www.openannotation.org/ns/Annotation"
"Row6","http://data.perseus.org/annotations/occur/places:pleiades/urn:cts:greekLit:tlg0526.tlg001.perseus-eng1#15","2013-10-16","Perseus Digital Library","Flavius Josephus, Antiquities of the Jews 2.238","http://pleiades.stoa.org/places/741517#this","http://data.perseus.org/citations/urn:cts:greekLit:tlg0526.tlg001.perseus-eng1:2.238","http://www.openannotation.org/ns/Annotation"
"Row7","http://data.perseus.org/annotations/occur/places:pleiades/urn:cts:greekLit:tlg0526.tlg001.perseus-eng1#16","2013-10-16","Perseus Digital Library","Flavius Josephus, Antiquities of the Jews 2.238","http://pleiades.stoa.org/places/736963#this","http://data.perseus.org/citations/urn:cts:greekLit:tlg0526.tlg001.perseus-eng1:2.238","http://www.openannotation.org/ns/Annotation"
"Row8","http://data.perseus.org/annotations/occur/places:pleiades/urn:cts:greekLit:tlg0526.tlg001.perseus-eng1#17","2013-10-16","Perseus Digital Library","Flavius Josephus, Antiquities of the Jews 1.179","http://pleiades.stoa.org/places/687928#this","http://data.perseus.org/citations/urn:cts:greekLit:tlg0526.tlg001.perseus-eng1:1.179","http://www.openannotation.org/ns/Annotation"
"Row9","http://data.perseus.org/annotations/occur/places:pleiades/urn:cts:greekLit:tlg0526.tlg001.perseus-eng1#18","2013-10-16","Perseus Digital Library","Flavius Josephus, Antiquities of the Jews 1.331","http://pleiades.stoa.org/places/687928#this","http://data.perseus.org/citations/urn:cts:greekLit:tlg0526.tlg001.perseus-eng1:1.331","http://www.openannotation.org/ns/Annotation"
"Row10","http://data.perseus.org/annotations/occur/places:pleiades/urn:cts:greekLit:tlg0526.tlg001.perseus-eng1#19","2013-10-16","Perseus Digital Library","Flavius Josephus, Antiquities of the Jews 1.207","http://pleiades.stoa.org/places/687846#this","http://data.perseus.org/citations/urn:cts:greekLit:tlg0526.tlg001.perseus-eng1:1.207","http://www.openannotation.org/ns/Annotation"
"Row11","http://data.perseus.org/annotations/occur/places:pleiades/urn:cts:greekLit:tlg0526.tlg001.perseus-eng1#2","2013-10-16","Perseus Digital Library","Flavius Josephus, Antiquities of the Jews 1.122","http://pleiades.stoa.org/places/629035#this","http://data.perseus.org/citations/urn:cts:greekLit:tlg0526.tlg001.perseus-eng1:1.122","http://www.openannotation.org/ns/Annotation"
"Row12","http://data.perseus.org/annotations/occur/places:pleiades/urn:cts:greekLit:tlg0526.tlg001.perseus-eng1#20","2013-10-16","Perseus Digital Library","Flavius Josephus, Antiquities of the Jews 2.170","http://pleiades.stoa.org/places/687846#this","http://data.perseus.org/citations/urn:cts:greekLit:tlg0526.tlg001.perseus-eng1:2.170","http://www.openannotation.org/ns/Annotation"
"Row13","http://data.perseus.org/annotations/occur/places:pleiades/urn:cts:greekLit:tlg0526.tlg001.perseus-eng1#21","2013-10-16","Perseus Digital Library","Flavius Josephus, Antiquities of the Jews 1.93","http://pleiades.stoa.org/places/442500#this","http://data.perseus.org/citations/urn:cts:greekLit:tlg0526.tlg001.perseus-eng1:1.93","http://www.openannotation.org/ns/Annotation"
"Row14","http://data.perseus.org/annotations/occur/places:pleiades/urn:cts:greekLit:tlg0526.tlg001.perseus-eng1#22","2013-10-16","Perseus Digital Library","Flavius Josephus, Antiquities of the Jews 1.93","http://pleiades.stoa.org/places/442848#this","http://data.perseus.org/citations/urn:cts:greekLit:tlg0526.tlg001.perseus-eng1:1.93","http://www.openannotation.org/ns/Annotation"
"Row15","http://data.perseus.org/annotations/occur/places:pleiades/urn:cts:greekLit:tlg0526.tlg001.perseus-eng1#23","2013-10-16","Perseus Digital Library","Flavius Josephus, Antiquities of the Jews 1.93","http://pleiades.stoa.org/places/877314#this","http://data.perseus.org/citations/urn:cts:greekLit:tlg0526.tlg001.perseus-eng1:1.93","http://www.openannotation.org/ns/Annotation"
"Row16","http://data.perseus.org/annotations/occur/places:pleiades/urn:cts:greekLit:tlg0526.tlg001.perseus-eng1#24","2013-10-16","Perseus Digital Library","Flavius Josephus, Antiquities of the Jews 1.93","http://pleiades.stoa.org/places/638790#this","http://data.perseus.org/citations/urn:cts:greekLit:tlg0526.tlg001.perseus-eng1:1.93","http://www.openannotation.org/ns/Annotation"
"Row17","http://data.perseus.org/annotations/occur/places:pleiades/urn:cts:greekLit:tlg0526.tlg001.perseus-eng1#25","2013-10-16","Perseus Digital Library","Flavius Josephus, Antiquities of the Jews 2.176","http://pleiades.stoa.org/places/442500#this","http://data.perseus.org/citations/urn:cts:greekLit:tlg0526.tlg001.perseus-eng1:2.176","http://www.openannotation.org/ns/Annotation"
"Row18","http://data.perseus.org/annotations/occur/places:pleiades/urn:cts:greekLit:tlg0526.tlg001.perseus-eng1#26","2013-10-16","Perseus Digital Library","Flavius Josephus, Antiquities of the Jews 2.176","http://pleiades.stoa.org/places/442848#this","http://data.perseus.org/citations/urn:cts:greekLit:tlg0526.tlg001.perseus-eng1:2.176","http://www.openannotation.org/ns/Annotation"
"Row19","http://data.perseus.org/annotations/occur/places:pleiades/urn:cts:greekLit:tlg0526.tlg001.perseus-eng1#27","2013-10-16","Perseus Digital Library","Flavius Josephus, Antiquities of the Jews 2.176","http://pleiades.stoa.org/places/877314#this","http://data.perseus.org/citations/urn:cts:greekLit:tlg0526.tlg001.perseus-eng1:2.176","http://www.openannotation.org/ns/Annotation"
"Row20","http://data.perseus.org/annotations/occur/places:pleiades/urn:cts:greekLit:tlg0526.tlg001.perseus-eng1#28","2013-10-16","Perseus Digital Library","Flavius Josephus, Antiquities of the Jews 2.176","http://pleiades.stoa.org/places/638790#this","http://data.perseus.org/citations/urn:cts:greekLit:tlg0526.tlg001.perseus-eng1:2.176","http://www.openannotation.org/ns/Annotation"
"Row21","http://data.perseus.org/annotations/occur/places:pleiades/urn:cts:greekLit:tlg0526.tlg001.perseus-eng1#29","2013-10-16","Perseus Digital Library","Flavius Josephus, Antiquities of the Jews 2.320","http://pleiades.stoa.org/places/727101#this","http://data.perseus.org/citations/urn:cts:greekLit:tlg0526.tlg001.perseus-eng1:2.320","http://www.openannotation.org/ns/Annotation"
"Row22","http://data.perseus.org/annotations/occur/places:pleiades/urn:cts:greekLit:tlg0526.tlg001.perseus-eng1#3","2013-10-16","Perseus Digital Library","Flavius Josephus, Antiquities of the Jews 1.34","http://pleiades.stoa.org/places/416817#this","http://data.perseus.org/citations/urn:cts:greekLit:tlg0526.tlg001.perseus-eng1:1.34","http://www.openannotation.org/ns/Annotation"
"Row23","http://data.perseus.org/annotations/occur/places:pleiades/urn:cts:greekLit:tlg0526.tlg001.perseus-eng1#30","2013-10-16","Perseus Digital Library","Flavius Josephus, Antiquities of the Jews 1.37","http://pleiades.stoa.org/places/727172#this","http://data.perseus.org/citations/urn:cts:greekLit:tlg0526.tlg001.perseus-eng1:1.37","http://www.openannotation.org/ns/Annotation"
"Row24","http://data.perseus.org/annotations/occur/places:pleiades/urn:cts:greekLit:tlg0526.tlg001.perseus-eng1#31","2013-10-16","Perseus Digital Library","Flavius Josephus, Antiquities of the Jews 1.37","http://pleiades.stoa.org/places/727172#this","http://data.perseus.org/citations/urn:cts:greekLit:tlg0526.tlg001.perseus-eng1:1.37","http://www.openannotation.org/ns/Annotation"
"Row25","http://data.perseus.org/annotations/occur/places:pleiades/urn:cts:greekLit:tlg0526.tlg001.perseus-eng1#32","2013-10-16","Perseus Digital Library","Flavius Josephus, Antiquities of the Jews 1.37","http://pleiades.stoa.org/places/727172#this","http://data.perseus.org/citations/urn:cts:greekLit:tlg0526.tlg001.perseus-eng1:1.37","http://www.openannotation.org/ns/Annotation"
"Row26","http://data.perseus.org/annotations/occur/places:pleiades/urn:cts:greekLit:tlg0526.tlg001.perseus-eng1#33","2013-10-16","Perseus Digital Library","Flavius Josephus, Antiquities of the Jews 1.37","http://pleiades.stoa.org/places/727172#this","http://data.perseus.org/citations/urn:cts:greekLit:tlg0526.tlg001.perseus-eng1:1.37","http://www.openannotation.org/ns/Annotation"
"Row27","http://data.perseus.org/annotations/occur/places:pleiades/urn:cts:greekLit:tlg0526.tlg001.perseus-eng1#34","2013-10-16","Perseus Digital Library","Flavius Josephus, Antiquities of the Jews 2.243","http://pleiades.stoa.org/places/727172#this","http://data.perseus.org/citations/urn:cts:greekLit:tlg0526.tlg001.perseus-eng1:2.243","http://www.openannotation.org/ns/Annotation"
"Row28","http://data.perseus.org/annotations/occur/places:pleiades/urn:cts:greekLit:tlg0526.tlg001.perseus-eng1#35","2013-10-16","Perseus Digital Library","Flavius Josephus, Antiquities of the Jews 1.122","http://pleiades.stoa.org/places/707498#this","http://data.perseus.org/citations/urn:cts:greekLit:tlg0526.tlg001.perseus-eng1:1.122","http://www.openannotation.org/ns/Annotation"
"Row29","http://data.perseus.org/annotations/occur/places:pleiades/urn:cts:greekLit:tlg0526.tlg001.perseus-eng1#36","2013-10-16","Perseus Digital Library","Flavius Josephus, Antiquities of the Jews 1.122","http://pleiades.stoa.org/places/707498#this","http://data.perseus.org/citations/urn:cts:greekLit:tlg0526.tlg001.perseus-eng1:1.122","http://www.openannotation.org/ns/Annotation"
"Row30","http://data.perseus.org/annotations/occur/places:pleiades/urn:cts:greekLit:tlg0526.tlg001.perseus-eng1#37","2013-10-16","Perseus Digital Library","Flavius Josephus, Antiquities of the Jews 1.122","http://pleiades.stoa.org/places/543732#this","http://data.perseus.org/citations/urn:cts:greekLit:tlg0526.tlg001.perseus-eng1:1.122","http://www.openannotation.org/ns/Annotation"
"Row31","http://data.perseus.org/annotations/occur/places:pleiades/urn:cts:greekLit:tlg0526.tlg001.perseus-eng1#38","2013-10-16","Perseus Digital Library","Flavius Josephus, Antiquities of the Jews 1.130","http://pleiades.stoa.org/places/531110#this","http://data.perseus.org/citations/urn:cts:greekLit:tlg0526.tlg001.perseus-eng1:1.130","http://www.openannotation.org/ns/Annotation"
"Row32","http://data.perseus.org/annotations/occur/places:pleiades/urn:cts:greekLit:tlg0526.tlg001.perseus-eng1#39","2013-10-16","Perseus Digital Library","Flavius Josephus, Antiquities of the Jews 1.171","http://pleiades.stoa.org/places/531110#this","http://data.perseus.org/citations/urn:cts:greekLit:tlg0526.tlg001.perseus-eng1:1.171","http://www.openannotation.org/ns/Annotation"
"Row33","http://data.perseus.org/annotations/occur/places:pleiades/urn:cts:greekLit:tlg0526.tlg001.perseus-eng1#4","2013-10-16","Perseus Digital Library","Flavius Josephus, Antiquities of the Jews 1.143","http://pleiades.stoa.org/places/275696#this","http://data.perseus.org/citations/urn:cts:greekLit:tlg0526.tlg001.perseus-eng1:1.143","http://www.openannotation.org/ns/Annotation"
"Row34","http://data.perseus.org/annotations/occur/places:pleiades/urn:cts:greekLit:tlg0526.tlg001.perseus-eng1#40","2013-10-16","Perseus Digital Library","Flavius Josephus, Antiquities of the Jews 1.122","http://pleiades.stoa.org/places/256177#this","http://data.perseus.org/citations/urn:cts:greekLit:tlg0526.tlg001.perseus-eng1:1.122","http://www.openannotation.org/ns/Annotation"
"Row35","http://data.perseus.org/annotations/occur/places:pleiades/urn:cts:greekLit:tlg0526.tlg001.perseus-eng1#41","2013-10-16","Perseus Digital Library","Flavius Josephus, Antiquities of the Jews 2.243","http://pleiades.stoa.org/places/805630#this","http://data.perseus.org/citations/urn:cts:greekLit:tlg0526.tlg001.perseus-eng1:2.243","http://www.openannotation.org/ns/Annotation"
"Row36","http://data.perseus.org/annotations/occur/places:pleiades/urn:cts:greekLit:tlg0526.tlg001.perseus-eng1#42","2013-10-16","Perseus Digital Library","Flavius Josephus, Antiquities of the Jews 1.169","http://pleiades.stoa.org/places/315233#this","http://data.perseus.org/citations/urn:cts:greekLit:tlg0526.tlg001.perseus-eng1:1.169","http://www.openannotation.org/ns/Annotation"
"Row37","http://data.perseus.org/annotations/occur/places:pleiades/urn:cts:greekLit:tlg0526.tlg001.perseus-eng1#43","2013-10-16","Perseus Digital Library","Flavius Josephus, Antiquities of the Jews 1.122","http://pleiades.stoa.org/places/573123#this","http://data.perseus.org/citations/urn:cts:greekLit:tlg0526.tlg001.perseus-eng1:1.122","http://www.openannotation.org/ns/Annotation"
"Row38","http://data.perseus.org/annotations/occur/places:pleiades/urn:cts:greekLit:tlg0526.tlg001.perseus-eng1#44","2013-10-16","Perseus Digital Library","Flavius Josephus, Antiquities of the Jews 1.122","http://pleiades.stoa.org/places/915832#this","http://data.perseus.org/citations/urn:cts:greekLit:tlg0526.tlg001.perseus-eng1:1.122","http://www.openannotation.org/ns/Annotation"
"Row39","http://data.perseus.org/annotations/occur/places:pleiades/urn:cts:greekLit:tlg0526.tlg001.perseus-eng1#45","2013-10-16","Perseus Digital Library","Flavius Josephus, Antiquities of the Jews 1.130","http://pleiades.stoa.org/places/573123#this","http://data.perseus.org/citations/urn:cts:greekLit:tlg0526.tlg001.perseus-eng1:1.130","http://www.openannotation.org/ns/Annotation"
"Row40","http://data.perseus.org/annotations/occur/places:pleiades/urn:cts:greekLit:tlg0526.tlg001.perseus-eng1#46","2013-10-16","Perseus Digital Library","Flavius Josephus, Antiquities of the Jews 1.130","http://pleiades.stoa.org/places/915832#this","http://data.perseus.org/citations/urn:cts:greekLit:tlg0526.tlg001.perseus-eng1:1.130","http://www.openannotation.org/ns/Annotation"
"Row41","http://data.perseus.org/annotations/occur/places:pleiades/urn:cts:greekLit:tlg0526.tlg001.perseus-eng1#47","2013-10-16","Perseus Digital Library","Flavius Josephus, Antiquities of the Jews 1.171","http://pleiades.stoa.org/places/573123#this","http://data.perseus.org/citations/urn:cts:greekLit:tlg0526.tlg001.perseus-eng1:1.171","http://www.openannotation.org/ns/Annotation"
"Row42","http://data.perseus.org/annotations/occur/places:pleiades/urn:cts:greekLit:tlg0526.tlg001.perseus-eng1#48","2013-10-16","Perseus Digital Library","Flavius Josephus, Antiquities of the Jews 1.171","http://pleiades.stoa.org/places/915832#this","http://data.perseus.org/citations/urn:cts:greekLit:tlg0526.tlg001.perseus-eng1:1.171","http://www.openannotation.org/ns/Annotation"
"Row43","http://data.perseus.org/annotations/occur/places:pleiades/urn:cts:greekLit:tlg0526.tlg001.perseus-eng1#49","2013-10-16","Perseus Digital Library","Flavius Josephus, Antiquities of the Jews 1.122","http://pleiades.stoa.org/places/536074#this","http://data.perseus.org/citations/urn:cts:greekLit:tlg0526.tlg001.perseus-eng1:1.122","http://www.openannotation.org/ns/Annotation"
"Row44","http://data.perseus.org/annotations/occur/places:pleiades/urn:cts:greekLit:tlg0526.tlg001.perseus-eng1#5","2013-10-16","Perseus Digital Library","Flavius Josephus, Antiquities of the Jews 1.143","http://pleiades.stoa.org/places/866051#this","http://data.perseus.org/citations/urn:cts:greekLit:tlg0526.tlg001.perseus-eng1:1.143","http://www.openannotation.org/ns/Annotation"
"Row45","http://data.perseus.org/annotations/occur/places:pleiades/urn:cts:greekLit:tlg0526.tlg001.perseus-eng1#50","2013-10-16","Perseus Digital Library","Flavius Josephus, Antiquities of the Jews 1.191","http://pleiades.stoa.org/places/678393#this","http://data.perseus.org/citations/urn:cts:greekLit:tlg0526.tlg001.perseus-eng1:1.191","http://www.openannotation.org/ns/Annotation"
"Row46","http://data.perseus.org/annotations/occur/places:pleiades/urn:cts:greekLit:tlg0526.tlg001.perseus-eng1#51","2013-10-16","Perseus Digital Library","Flavius Josephus, Antiquities of the Jews 2.91","http://pleiades.stoa.org/places/727117#this","http://data.perseus.org/citations/urn:cts:greekLit:tlg0526.tlg001.perseus-eng1:2.91","http://www.openannotation.org/ns/Annotation"
"Row47","http://data.perseus.org/annotations/occur/places:pleiades/urn:cts:greekLit:tlg0526.tlg001.perseus-eng1#52","2013-10-16","Perseus Digital Library","Flavius Josephus, Antiquities of the Jews 2.91","http://pleiades.stoa.org/places/678179#this","http://data.perseus.org/citations/urn:cts:greekLit:tlg0526.tlg001.perseus-eng1:2.91","http://www.openannotation.org/ns/Annotation"
"Row48","http://data.perseus.org/annotations/occur/places:pleiades/urn:cts:greekLit:tlg0526.tlg001.perseus-eng1#53","2013-10-16","Perseus Digital Library","Flavius Josephus, Antiquities of the Jews 2.91","http://pleiades.stoa.org/places/727117#this","http://data.perseus.org/citations/urn:cts:greekLit:tlg0526.tlg001.perseus-eng1:2.91","http://www.openannotation.org/ns/Annotation"
"Row49","http://data.perseus.org/annotations/occur/places:pleiades/urn:cts:greekLit:tlg0526.tlg001.perseus-eng1#54","2013-10-16","Perseus Digital Library","Flavius Josephus, Antiquities of the Jews 2.91","http://pleiades.stoa.org/places/678179#this","http://data.perseus.org/citations/urn:cts:greekLit:tlg0526.tlg001.perseus-eng1:2.91","http://www.openannotation.org/ns/Annotation"
"Row50","http://data.perseus.org/annotations/occur/places:pleiades/urn:cts:greekLit:tlg0526.tlg001.perseus-eng1#55","2013-10-16","Perseus Digital Library","Flavius Josephus, Antiquities of the Jews 2.187","http://pleiades.stoa.org/places/727117#this","http://data.perseus.org/citations/urn:cts:greekLit:tlg0526.tlg001.perseus-eng1:2.187","http://www.openannotation.org/ns/Annotation"
"Row51","http://data.perseus.org/annotations/occur/places:pleiades/urn:cts:greekLit:tlg0526.tlg001.perseus-eng1#56","2013-10-16","Perseus Digital Library","Flavius Josephus, Antiquities of the Jews 2.187","http://pleiades.stoa.org/places/678179#this","http://data.perseus.org/citations/urn:cts:greekLit:tlg0526.tlg001.perseus-eng1:2.187","http://www.openannotation.org/ns/Annotation"
"Row52","http://data.perseus.org/annotations/occur/places:pleiades/urn:cts:greekLit:tlg0526.tlg001.perseus-eng1#57","2013-10-16","Perseus Digital Library","Flavius Josephus, Antiquities of the Jews 1.93","http://pleiades.stoa.org/places/678106#this","http://data.perseus.org/citations/urn:cts:greekLit:tlg0526.tlg001.perseus-eng1:1.93","http://www.openannotation.org/ns/Annotation"
"Row53","http://data.perseus.org/annotations/occur/places:pleiades/urn:cts:greekLit:tlg0526.tlg001.perseus-eng1#58","2013-10-16","Perseus Digital Library","Flavius Josephus, Antiquities of the Jews 1.143","http://pleiades.stoa.org/places/678106#this","http://data.perseus.org/citations/urn:cts:greekLit:tlg0526.tlg001.perseus-eng1:1.143","http://www.openannotation.org/ns/Annotation"
"Row54","http://data.perseus.org/annotations/occur/places:pleiades/urn:cts:greekLit:tlg0526.tlg001.perseus-eng1#59","2013-10-16","Perseus Digital Library","Flavius Josephus, Antiquities of the Jews 1.158","http://pleiades.stoa.org/places/678106#this","http://data.perseus.org/citations/urn:cts:greekLit:tlg0526.tlg001.perseus-eng1:1.158","http://www.openannotation.org/ns/Annotation"
"Row55","http://data.perseus.org/annotations/occur/places:pleiades/urn:cts:greekLit:tlg0526.tlg001.perseus-eng1#6","2013-10-16","Perseus Digital Library","Flavius Josephus, Antiquities of the Jews 1.143","http://pleiades.stoa.org/places/614824#this","http://data.perseus.org/citations/urn:cts:greekLit:tlg0526.tlg001.perseus-eng1:1.143","http://www.openannotation.org/ns/Annotation"
"Row56","http://data.perseus.org/annotations/occur/places:pleiades/urn:cts:greekLit:tlg0526.tlg001.perseus-eng1#60","2013-10-16","Perseus Digital Library","Flavius Josephus, Antiquities of the Jews 1.158","http://pleiades.stoa.org/places/678106#this","http://data.perseus.org/citations/urn:cts:greekLit:tlg0526.tlg001.perseus-eng1:1.158","http://www.openannotation.org/ns/Annotation"
"Row57","http://data.perseus.org/annotations/occur/places:pleiades/urn:cts:greekLit:tlg0526.tlg001.perseus-eng1#61","2013-10-16","Perseus Digital Library","Flavius Josephus, Antiquities of the Jews 1.158","http://pleiades.stoa.org/places/678106#this","http://data.perseus.org/citations/urn:cts:greekLit:tlg0526.tlg001.perseus-eng1:1.158","http://www.openannotation.org/ns/Annotation"
"Row58","http://data.perseus.org/annotations/occur/places:pleiades/urn:cts:greekLit:tlg0526.tlg001.perseus-eng1#62","2013-10-16","Perseus Digital Library","Flavius Josephus, Antiquities of the Jews 1.176","http://pleiades.stoa.org/places/678106#this","http://data.perseus.org/citations/urn:cts:greekLit:tlg0526.tlg001.perseus-eng1:1.176","http://www.openannotation.org/ns/Annotation"
"Row59","http://data.perseus.org/annotations/occur/places:pleiades/urn:cts:greekLit:tlg0526.tlg001.perseus-eng1#63","2013-10-16","Perseus Digital Library","Flavius Josephus, Antiquities of the Jews 1.10","http://pleiades.stoa.org/places/60406#this","http://data.perseus.org/citations/urn:cts:greekLit:tlg0526.tlg001.perseus-eng1:1.10","http://www.openannotation.org/ns/Annotation"
"Row60","http://data.perseus.org/annotations/occur/places:pleiades/urn:cts:greekLit:tlg0526.tlg001.perseus-eng1#64","2013-10-16","Perseus Digital Library","Flavius Josephus, Antiquities of the Jews 1.10","http://pleiades.stoa.org/places/727070#this","http://data.perseus.org/citations/urn:cts:greekLit:tlg0526.tlg001.perseus-eng1:1.10","http://www.openannotation.org/ns/Annotation"
"Row61","http://data.perseus.org/annotations/occur/places:pleiades/urn:cts:greekLit:tlg0526.tlg001.perseus-eng1#65","2013-10-16","Perseus Digital Library","Flavius Josephus, Antiquities of the Jews 1.10","http://pleiades.stoa.org/places/876562#this","http://data.perseus.org/citations/urn:cts:greekLit:tlg0526.tlg001.perseus-eng1:1.10","http://www.openannotation.org/ns/Annotation"
"Row62","http://data.perseus.org/annotations/occur/places:pleiades/urn:cts:greekLit:tlg0526.tlg001.perseus-eng1#66","2013-10-16","Perseus Digital Library","Flavius Josephus, Antiquities of the Jews 1.10","http://pleiades.stoa.org/places/60410#this","http://data.perseus.org/citations/urn:cts:greekLit:tlg0526.tlg001.perseus-eng1:1.10","http://www.openannotation.org/ns/Annotation"
"Row63","http://data.perseus.org/annotations/occur/places:pleiades/urn:cts:greekLit:tlg0526.tlg001.perseus-eng1#67","2013-10-16","Perseus Digital Library","Flavius Josephus, Antiquities of the Jews 1.10","http://pleiades.stoa.org/places/60409#this","http://data.perseus.org/citations/urn:cts:greekLit:tlg0526.tlg001.perseus-eng1:1.10","http://www.openannotation.org/ns/Annotation"
"Row64","http://data.perseus.org/annotations/occur/places:pleiades/urn:cts:greekLit:tlg0526.tlg001.perseus-eng1#68","2013-10-16","Perseus Digital Library","Flavius Josephus, Antiquities of the Jews 1.143","http://pleiades.stoa.org/places/893945#this","http://data.perseus.org/citations/urn:cts:greekLit:tlg0526.tlg001.perseus-eng1:1.143","http://www.openannotation.org/ns/Annotation"
"Row65","http://data.perseus.org/annotations/occur/places:pleiades/urn:cts:greekLit:tlg0526.tlg001.perseus-eng1#69","2013-10-16","Perseus Digital Library","Flavius Josephus, Antiquities of the Jews 1.238","http://pleiades.stoa.org/places/893945#this","http://data.perseus.org/citations/urn:cts:greekLit:tlg0526.tlg001.perseus-eng1:1.238","http://www.openannotation.org/ns/Annotation"
"Row66","http://data.perseus.org/annotations/occur/places:pleiades/urn:cts:greekLit:tlg0526.tlg001.perseus-eng1#7","2013-10-16","Perseus Digital Library","Flavius Josephus, Antiquities of the Jews 1.148","http://pleiades.stoa.org/places/275696#this","http://data.perseus.org/citations/urn:cts:greekLit:tlg0526.tlg001.perseus-eng1:1.148","http://www.openannotation.org/ns/Annotation"
"Row67","http://data.perseus.org/annotations/occur/places:pleiades/urn:cts:greekLit:tlg0526.tlg001.perseus-eng1#70","2013-10-16","Perseus Digital Library","Flavius Josephus, Antiquities of the Jews 1.148","http://pleiades.stoa.org/places/541138#this","http://data.perseus.org/citations/urn:cts:greekLit:tlg0526.tlg001.perseus-eng1:1.148","http://www.openannotation.org/ns/Annotation"
"Row68","http://data.perseus.org/annotations/occur/places:pleiades/urn:cts:greekLit:tlg0526.tlg001.perseus-eng1#71","2013-10-16","Perseus Digital Library","Flavius Josephus, Antiquities of the Jews 11.304","http://pleiades.stoa.org/places/494603#this","http://data.perseus.org/citations/urn:cts:greekLit:tlg0526.tlg001.perseus-eng1:11.304","http://www.openannotation.org/ns/Annotation"
"Row69","http://data.perseus.org/annotations/occur/places:pleiades/urn:cts:greekLit:tlg0526.tlg001.perseus-eng1#72","2013-10-16","Perseus Digital Library","Flavius Josephus, Antiquities of the Jews 14.377","http://pleiades.stoa.org/places/494603#this","http://data.perseus.org/citations/urn:cts:greekLit:tlg0526.tlg001.perseus-eng1:14.377","http://www.openannotation.org/ns/Annotation"
"Row70","http://data.perseus.org/annotations/occur/places:pleiades/urn:cts:greekLit:tlg0526.tlg001.perseus-eng1#73","2013-10-16","Perseus Digital Library","Flavius Josephus, Antiquities of the Jews 1.115","http://pleiades.stoa.org/places/893951#this","http://data.perseus.org/citations/urn:cts:greekLit:tlg0526.tlg001.perseus-eng1:1.115","http://www.openannotation.org/ns/Annotation"
"Row71","http://data.perseus.org/annotations/occur/places:pleiades/urn:cts:greekLit:tlg0526.tlg001.perseus-eng1#74","2013-10-16","Perseus Digital Library","Flavius Josephus, Antiquities of the Jews 1.115","http://pleiades.stoa.org/places/893951#this","http://data.perseus.org/citations/urn:cts:greekLit:tlg0526.tlg001.perseus-eng1:1.115","http://www.openannotation.org/ns/Annotation"
"Row72","http://data.perseus.org/annotations/occur/places:pleiades/urn:cts:greekLit:tlg0526.tlg001.perseus-eng1#75","2013-10-16","Perseus Digital Library","Flavius Josephus, Antiquities of the Jews 1.115","http://pleiades.stoa.org/places/893951#this","http://data.perseus.org/citations/urn:cts:greekLit:tlg0526.tlg001.perseus-eng1:1.115","http://www.openannotation.org/ns/Annotation"
"Row73","http://data.perseus.org/annotations/occur/places:pleiades/urn:cts:greekLit:tlg0526.tlg001.perseus-eng1#76","2013-10-16","Perseus Digital Library","Flavius Josephus, Antiquities of the Jews 1.115","http://pleiades.stoa.org/places/893951#this","http://data.perseus.org/citations/urn:cts:greekLit:tlg0526.tlg001.perseus-eng1:1.115","http://www.openannotation.org/ns/Annotation"
"Row74","http://data.perseus.org/annotations/occur/places:pleiades/urn:cts:greekLit:tlg0526.tlg001.perseus-eng1#77","2013-10-16","Perseus Digital Library","Flavius Josephus, Antiquities of the Jews 1.130","http://pleiades.stoa.org/places/893951#this","http://data.perseus.org/citations/urn:cts:greekLit:tlg0526.tlg001.perseus-eng1:1.130","http://www.openannotation.org/ns/Annotation"
"Row75","http://data.perseus.org/annotations/occur/places:pleiades/urn:cts:greekLit:tlg0526.tlg001.perseus-eng1#78","2013-10-16","Perseus Digital Library","Flavius Josephus, Antiquities of the Jews 1.158","http://pleiades.stoa.org/places/893951#this","http://data.perseus.org/citations/urn:cts:greekLit:tlg0526.tlg001.perseus-eng1:1.158","http://www.openannotation.org/ns/Annotation"
"Row76","http://data.perseus.org/annotations/occur/places:pleiades/urn:cts:greekLit:tlg0526.tlg001.perseus-eng1#79","2013-10-16","Perseus Digital Library","Flavius Josephus, Antiquities of the Jews 2.315","http://pleiades.stoa.org/places/893951#this","http://data.perseus.org/citations/urn:cts:greekLit:tlg0526.tlg001.perseus-eng1:2.315","http://www.openannotation.org/ns/Annotation"
"Row77","http://data.perseus.org/annotations/occur/places:pleiades/urn:cts:greekLit:tlg0526.tlg001.perseus-eng1#8","2013-10-16","Perseus Digital Library","Flavius Josephus, Antiquities of the Jews 1.148","http://pleiades.stoa.org/places/866051#this","http://data.perseus.org/citations/urn:cts:greekLit:tlg0526.tlg001.perseus-eng1:1.148","http://www.openannotation.org/ns/Annotation"
"Row78","http://data.perseus.org/annotations/occur/places:pleiades/urn:cts:greekLit:tlg0526.tlg001.perseus-eng1#80","2013-10-16","Perseus Digital Library","Flavius Josephus, Antiquities of the Jews 1.202","http://pleiades.stoa.org/places/423025#this","http://data.perseus.org/citations/urn:cts:greekLit:tlg0526.tlg001.perseus-eng1:1.202","http://www.openannotation.org/ns/Annotation"
"Row79","http://data.perseus.org/annotations/occur/places:pleiades/urn:cts:greekLit:tlg0526.tlg001.perseus-eng1#81","2013-10-16","Perseus Digital Library","Flavius Josephus, Antiquities of the Jews 1.169","http://pleiades.stoa.org/places/687915#this","http://data.perseus.org/citations/urn:cts:greekLit:tlg0526.tlg001.perseus-eng1:1.169","http://www.openannotation.org/ns/Annotation"
"Row80","http://data.perseus.org/annotations/occur/places:pleiades/urn:cts:greekLit:tlg0526.tlg001.perseus-eng1#82","2013-10-16","Perseus Digital Library","Flavius Josephus, Antiquities of the Jews 1.186","http://pleiades.stoa.org/places/687915#this","http://data.perseus.org/citations/urn:cts:greekLit:tlg0526.tlg001.perseus-eng1:1.186","http://www.openannotation.org/ns/Annotation"
"Row81","http://data.perseus.org/annotations/occur/places:pleiades/urn:cts:greekLit:tlg0526.tlg001.perseus-eng1#83","2013-10-16","Perseus Digital Library","Flavius Josephus, Antiquities of the Jews 1.237","http://pleiades.stoa.org/places/687915#this","http://data.perseus.org/citations/urn:cts:greekLit:tlg0526.tlg001.perseus-eng1:1.237","http://www.openannotation.org/ns/Annotation"
"Row82","http://data.perseus.org/annotations/occur/places:pleiades/urn:cts:greekLit:tlg0526.tlg001.perseus-eng1#84","2013-10-16","Perseus Digital Library","Flavius Josephus, Antiquities of the Jews 1.237","http://pleiades.stoa.org/places/687915#this","http://data.perseus.org/citations/urn:cts:greekLit:tlg0526.tlg001.perseus-eng1:1.237","http://www.openannotation.org/ns/Annotation"
"Row83","http://data.perseus.org/annotations/occur/places:pleiades/urn:cts:greekLit:tlg0526.tlg001.perseus-eng1#85","2013-10-16","Perseus Digital Library","Flavius Josephus, Antiquities of the Jews 1.256","http://pleiades.stoa.org/places/687915#this","http://data.perseus.org/citations/urn:cts:greekLit:tlg0526.tlg001.perseus-eng1:1.256","http://www.openannotation.org/ns/Annotation"
"Row84","http://data.perseus.org/annotations/occur/places:pleiades/urn:cts:greekLit:tlg0526.tlg001.perseus-eng1#86","2013-10-16","Perseus Digital Library","Flavius Josephus, Antiquities of the Jews 1.343","http://pleiades.stoa.org/places/687915#this","http://data.perseus.org/citations/urn:cts:greekLit:tlg0526.tlg001.perseus-eng1:1.343","http://www.openannotation.org/ns/Annotation"
"Row85","http://data.perseus.org/annotations/occur/places:pleiades/urn:cts:greekLit:tlg0526.tlg001.perseus-eng1#87","2013-10-16","Perseus Digital Library","Flavius Josephus, Antiquities of the Jews 1.345","http://pleiades.stoa.org/places/687915#this","http://data.perseus.org/citations/urn:cts:greekLit:tlg0526.tlg001.perseus-eng1:1.345","http://www.openannotation.org/ns/Annotation"
"Row86","http://data.perseus.org/annotations/occur/places:pleiades/urn:cts:greekLit:tlg0526.tlg001.perseus-eng1#88","2013-10-16","Perseus Digital Library","Flavius Josephus, Antiquities of the Jews 1.345","http://pleiades.stoa.org/places/687915#this","http://data.perseus.org/citations/urn:cts:greekLit:tlg0526.tlg001.perseus-eng1:1.345","http://www.openannotation.org/ns/Annotation"
"Row87","http://data.perseus.org/annotations/occur/places:pleiades/urn:cts:greekLit:tlg0526.tlg001.perseus-eng1#89","2013-10-16","Perseus Digital Library","Flavius Josephus, Antiquities of the Jews 2.1","http://pleiades.stoa.org/places/687915#this","http://data.perseus.org/citations/urn:cts:greekLit:tlg0526.tlg001.perseus-eng1:2.1","http://www.openannotation.org/ns/Annotation"
"Row88","http://data.perseus.org/annotations/occur/places:pleiades/urn:cts:greekLit:tlg0526.tlg001.perseus-eng1#9","2013-10-16","Perseus Digital Library","Flavius Josephus, Antiquities of the Jews 1.148","http://pleiades.stoa.org/places/614824#this","http://data.perseus.org/citations/urn:cts:greekLit:tlg0526.tlg001.perseus-eng1:1.148","http://www.openannotation.org/ns/Annotation"
"Row89","http://data.perseus.org/annotations/occur/places:pleiades/urn:cts:greekLit:tlg0526.tlg001.perseus-eng1#90","2013-10-16","Perseus Digital Library","Flavius Josephus, Antiquities of the Jews 2.194","http://pleiades.stoa.org/places/687915#this","http://data.perseus.org/citations/urn:cts:greekLit:tlg0526.tlg001.perseus-eng1:2.194","http://www.openannotation.org/ns/Annotation"
"Row90","http://data.perseus.org/annotations/occur/places:pleiades/urn:cts:greekLit:tlg0526.tlg001.perseus-eng1#91","2013-10-16","Perseus Digital Library","Flavius Josephus, Antiquities of the Jews 2.194","http://pleiades.stoa.org/places/687915#this","http://data.perseus.org/citations/urn:cts:greekLit:tlg0526.tlg001.perseus-eng1:2.194","http://www.openannotation.org/ns/Annotation"
"Row91","http://data.perseus.org/annotations/occur/places:pleiades/urn:cts:greekLit:tlg0526.tlg001.perseus-eng1#92","2013-10-16","Perseus Digital Library","Flavius Josephus, Antiquities of the Jews 2.198","http://pleiades.stoa.org/places/687915#this","http://data.perseus.org/citations/urn:cts:greekLit:tlg0526.tlg001.perseus-eng1:2.198","http://www.openannotation.org/ns/Annotation"
"Row92","http://data.perseus.org/annotations/occur/places:pleiades/urn:cts:greekLit:tlg0526.tlg001.perseus-eng1#93","2013-10-16","Perseus Digital Library","Flavius Josephus, Antiquities of the Jews 1.83","http://pleiades.stoa.org/places/682522#this","http://data.perseus.org/citations/urn:cts:greekLit:tlg0526.tlg001.perseus-eng1:1.83","http://www.openannotation.org/ns/Annotation"
"Row93","http://data.perseus.org/annotations/occur/places:pleiades/urn:cts:greekLit:tlg0526.tlg001.perseus-eng1#94","2013-10-16","Perseus Digital Library","Flavius Josephus, Antiquities of the Jews 1.179","http://pleiades.stoa.org/places/687928#this","http://data.perseus.org/citations/urn:cts:greekLit:tlg0526.tlg001.perseus-eng1:1.179","http://www.openannotation.org/ns/Annotation"
"Row94","http://data.perseus.org/annotations/occur/places:pleiades/urn:cts:greekLit:tlg0526.tlg001.perseus-eng1#95","2013-10-16","Perseus Digital Library","Flavius Josephus, Antiquities of the Jews 1.179","http://pleiades.stoa.org/places/687928#this","http://data.perseus.org/citations/urn:cts:greekLit:tlg0526.tlg001.perseus-eng1:1.179","http://www.openannotation.org/ns/Annotation"
